station id,station name,latitude,longitude,start_end,count
3186,Grove St PATH,40.71958611647166,-74.04311746358871,73217,top_start
3203,Hamilton Park,40.727595966,-74.044247311,41394,top_start
3199,Newport Pkwy,40.7287448,-74.0321082,34195,top_start
3195,Sip Ave,40.73089709786179,-74.06391263008118,33120,top_start
3639,Harborside,40.7192517,-74.034234,32610,top_start
3202,Newport PATH,40.7272235,-74.0337589,32576,top_start
3276,Marin Light Rail,40.71458403535893,-74.04281705617905,30253,top_start
3192,Liberty Light Rail,40.7112423,-74.0557013,28088,top_start
3792,Columbus Dr at Exchange Pl,40.71687,-74.03281,23513,top_start
3185,City Hall,40.7177325,-74.043845,21545,top_start
3277,Communipaw & Berry Lane,40.71435836870427,-74.06661093235016,4598,Bottom_start
3220,5 Corners Library,40.73496102000952,-74.0595030784607,4565,Bottom_start
3212,Christ Hospital,40.734785818,-74.050443636,4436,Bottom_start
3196,Riverview Park,40.7443187,-74.0439909,4421,Bottom_start
3281,Leonard Gordon Park,40.74590996631558,-74.0572714805603,3586,Bottom_start
3201,Dey St,40.737711,-74.066921,3081,Bottom_start
3191,Union St,40.7182113,-74.0836394,2777,Bottom_start
3694,Jackson Square,40.71113,-74.0789,2729,Bottom_start
3426,JCBS Depot,40.70965083364061,-74.06860113143921,44,Bottom_start
435,W 21 St & 6 Ave,40.74173969,-73.99415556,1,Bottom_end
3472,W 15 St & 10 Ave,40.74275382865903,-74.00747358798981,1,Bottom_end
3467,W Broadway & Spring Street,40.72494672359416,-74.00165855884552,1,Bottom_end
3467,W Broadway & Spring St,40.72494672359416,-74.00165855884552,1,Bottom_end
447,8 Ave & W 52 St,40.76370739,-73.9851615,1,Bottom_end
3435,Grand St & Elizabeth St,40.718822,-73.99596,1,Bottom_end
456,E 53 St & Madison Ave,40.7597108,-73.97402311,1,Bottom_end
3347,Van Brunt St & Wolcott St,40.6773429,-74.01275056,1,Bottom_end
3314,W 95 St & Broadway,40.7937704,-73.971888,1,Bottom_end
4282,Washington St & Barrow St,40.73191132323174,-74.008769094944,1,Bottom_end
